split_seed,H1_pooled,H2n_pooled
1000,0.0028892365266397976,0.007994592603386573
1001,-0.014483233337730349,-0.0027495699483166512
1002,0.008528249054968325,0.00619825158552225
1003,-0.0016305077447401756,0.005977703073136077
1004,0.0031208688475581176,0.0029597120548305405
1005,-0.008549334708276983,0.00574770923338033
1006,-0.011433954236545635,0.005857569305107844
1007,-0.005741509861435553,0.006881171407768719
1008,0.006664042339004728,0.006975133653566457
1009,0.0009388389447226644,0.00511363046850049
1010,-0.015979504527715443,0.007118930696090302
1011,0.0030328558902225655,0.009717934222171813
1012,-0.0007439445121794989,-0.0009837931988726026
1013,0.0004391597560521275,0.007850807190226084
1014,-0.02818231261421651,0.009285500507059308
1015,-0.009821020329523263,0.006843097795207471
1016,-0.0030097964062663443,0.009875956107625206
1017,-0.008346802849113476,0.004056436814149634
1018,-0.002400585442383614,0.005324750554497325
1019,0.002385647691340729,0.0046298750358504046
1020,-0.0185654437420682,0.005170298198368293
1021,-0.009856799818268714,0.0022930817403372917
1022,0.004450712262228799,0.0048838886447740626
1023,-0.004525471314972536,0.0030079111588873345
1024,0.0019885978749929847,0.002774050243974157
1025,-0.00913114108601678,0.0026366425880504653
1026,0.02028977762799167,0.006337201552487071
1027,0.0024682071395963566,0.004925734523276384
1028,-0.0005548758091598466,0.007629965028400946
1029,-0.01474148923975995,0.0004023609881487501
1030,-0.006970313861002661,0.006003927543317678
1031,0.01576827960287227,0.0031692023020466822
1032,-0.005318236132538927,0.00932019136579265
1033,-0.0032466336814580255,0.011427096044591216
1034,-6.788035656864778e-05,0.003967058473264264
1035,-0.0031307948557128436,0.009579902199315206
1036,-0.004883240621100041,0.004877879853953199
1037,-0.008080520382870918,-0.005309846246410253
1038,0.00999723922977418,0.0030328957004700286
1039,-0.008433373188914082,0.005638367450940131
1040,-0.01208650919837879,-0.0009698059784366136
1041,-0.014405503931350419,0.007617298892288544
1042,-0.002169624791401771,0.0005852301537102427
1043,-0.01504186830397528,0.004120114772224804
1044,0.002069290260733783,0.003159203761858171
1045,-0.0066286336204676366,0.005410606174516657
1046,-0.0067092405991039045,0.010143661446390423
1047,-0.002156148124444377,0.0034407952385589677
1048,0.017990476380057588,0.009740543566542402
1049,0.002405915277836977,0.00909934055569799
